block_id;module;source_info;time_p;time_s;time_s_min;time_s_avg;time_s_max;cov_deviation;time_deviation;nb_threads;flops;
89977;python3.12;object.c:1033-1035,object.h:220-220;0.44;0.09;;;;;;;;
92564;python3.12;object.h:644-644;0.41;0.09;;;;;;;;
81961;python3.12;dictobject.c:934-937;0.41;0.09;;;;;;;;
96419;python3.12;pycore_gc.h:60-60,gcmodule.c:322-323;0.41;0.09;;;;;;;;
92964;python3.12;bytecodes.c:1829-1830,pycore_dict.h:135-135;0.39;0.08;;;;;;;;
96491;python3.12;pycore_gc.h:60-60,pycore_gc.h:68-68,object.h:243-243,gcmodule.c:430-430;0.39;0.08;;;;;;;;
92563;python3.12;bytecodes.c:1363-1364,pycore_dict.h:135-135;0.36;0.08;;;;;;;;
82040;python3.12;dictobject.c:360-360,dictobject.c:933-933;0.31;0.07;;;;;;;;
98182;python3.12;pycore_object.h:331-331,object.h:220-220;0.29;0.06;;;;;;;;
92561;python3.12;generated_cases.c.h:1834-1834,bytecodes.c:1358-1358,pycore_code.h:313-313;0.29;0.06;;;;;;;;
87455;python3.12;typeobject.c:2130-2134,object.h:234-234;0.27;0.05;;;;;;;;
101573;python3.12;object.h:644-644;0.24;0.05;;;;;;;;
99352;python3.12;pycore_call.h:92-92,call.c:28-28,pycore_pyerrors.h:23-23;0.24;0.05;;;;;;;;
92468;python3.12;object.h:644-644,generated_cases.c.h:83-83,bytecodes.c:192-192;0.24;0.05;;;;;;;;
92528;python3.12;bytecodes.c:2711-2715;0.24;0.05;;;;;;;;
92657;python3.12;bytecodes.c:2772-2772,pycore_frame.h:246-246;0.24;0.05;;;;;;;;
92504;python3.12;object.h:644-644,generated_cases.c.h:107-107,bytecodes.c:204-204;0.24;0.05;;;;;;;;
92965;python3.12;object.h:644-644;0.22;0.05;;;;;;;;
81965;python3.12;dictobject.c:344-344,dictobject.c:945-946;0.22;0.05;;;;;;;;
96079;python3.12;pycore_gc.h:59-60,gcmodule.c:651-651;0.22;0.05;;;;;;;;
92467;python3.12;generated_cases.c.h:3675-3675,pycore_frame.h:153-154,ceval.c:738-738,ceval.c:762-762;0.22;0.05;;;;;;;;
101523;python3.12;pycore_pystate.h:118-118,object.c:1418-1418,typeobject.c:229-229;0.19;0.04;;;;;;;;
95417;python3.12;pycore_pystate.h:92-92,ceval_gil.c:737-737;0.19;0.04;;;;;;;;
92488;python3.12;generated_cases.c.h:1859-1859,bytecodes.c:1371-1371,pycore_code.h:313-313;0.19;0.04;;;;;;;;
87712;python3.12;tupleobject.c:185-188,object.h:234-234;0.19;0.04;;;;;;;;
92470;python3.12;object.h:647-647,generated_cases.c.h:90-92,generated_cases.c.h:3675-3675;0.17;0.04;;;;;;;;
105979;python3.12;pycore_pystate.h:82-82,abstract.c:2610-2610,abstract.c:2668-2668,object.h:220-220;0.17;0.04;;;;;;;;
92248;python3.12;ceval_gil.c:725-725,pystate.c:72-72,pystate.c:95-95,pystate.c:1814-1814;0.17;0.04;;;;;;;;
87454;python3.12;typeobject.c:335-335,typeobject.c:2124-2124;0.17;0.04;;;;;;;;
96497;python3.12;gcmodule.c:92-92,gcmodule.c:587-587;0.17;0.04;;;;;;;;
92678;python3.12;generated_cases.c.h:2418-2421,bytecodes.c:1760-1760;0.15;0.03;;;;;;;;
87717;python3.12;object.c:2552-2552,tupleobject.c:202-202,pycore_gc.h:63-68,pycore_gc.h:74-74,pycore_object.h:248-249;0.15;0.03;;;;;;;;
85264;python3.12;obmalloc.c:1124-1129;0.15;0.03;;;;;;;;
193400;python3.12;object.c:1245-1246,object.h:220-220;0.15;0.03;;;;;;;;
92555;python3.12;generated_cases.c.h:3675-3675,generated_cases.c.h:3800-3800,bytecodes.c:2732-2732;0.15;0.03;;;;;;;;
92640;python3.12;object.h:644-644,generated_cases.c.h:156-156,bytecodes.c:192-192;0.15;0.03;;;;;;;;
96260;python3.12;pycore_gc.h:59-59,gcmodule.c:666-666;0.15;0.03;;;;;;;;
101530;python3.12;object.h:644-644;0.12;0.03;;;;;;;;
101532;python3.12;object.c:1428-1429,object.h:220-220,object.h:647-647;0.12;0.03;;;;;;;;
92569;python3.12;generated_cases.c.h:119-120,bytecodes.c:209-209;0.12;0.03;;;;;;;;
92516;python3.12;generated_cases.c.h:3705-3710,bytecodes.c:2660-2660;0.12;0.03;;;;;;;;
92641;python3.12;object.h:644-644,generated_cases.c.h:168-168,bytecodes.c:204-204;0.12;0.03;;;;;;;;
92803;python3.12;object.h:644-644,generated_cases.c.h:225-225,bytecodes.c:204-204;0.12;0.03;;;;;;;;
91879;python3.12;getargs.c:137-137;0.12;0.03;;;;;;;;
85253;python3.12;pycore_pystate.h:118-118,gcmodule.c:2394-2394;0.12;0.03;;;;;;;;
84340;python3.12;obmalloc.c:1531-1535;0.12;0.03;;;;;;;;
81469;python3.12;ceval_gil.c:370-371;0.12;0.03;;;;;;;;
81465;python3.12;thread_pthread.h:920-920;0.12;0.03;;;;;;;;
81964;python3.12;unicodeobject.h:280-280,eq.h:9-9;0.12;0.03;;;;;;;;
129772;python3.12;modsupport.c:520-520;0.1;0.02;;;;;;;;
108245;python3.12;classobject.c:235-237,pycore_gc.h:59-68,pycore_gc.h:74-74,pycore_object.h:248-249;0.1;0.02;;;;;;;;
105978;python3.12;abstract.c:2605-2606;0.1;0.02;;;;;;;;
103825;python3.12;descrobject.c:365-365;0.1;0.02;;;;;;;;
102274;python3.12;obmalloc.c:1540-1544;0.1;0.02;;;;;;;;
101589;python3.12;typeobject.c:4766-4766,object.h:243-243,object.h:701-701;0.1;0.02;;;;;;;;
99348;python3.12;pycore_pystate.h:82-82,pycore_call.h:44-44,call.c:323-323,object.h:220-220;0.1;0.02;;;;;;;;
97868;python3.12;pycore_object.h:331-331,object.h:220-220;0.1;0.02;;;;;;;;
92587;python3.12;object.h:644-644,generated_cases.c.h:970-970,bytecodes.c:677-677;0.1;0.02;;;;;;;;
92511;python3.12;generated_cases.c.h:3085-3086,generated_cases.c.h:3675-3675;0.1;0.02;;;;;;;;
92596;python3.12;object.h:644-644;0.1;0.02;;;;;;;;
92963;python3.12;bytecodes.c:1825-1825;0.1;0.02;;;;;;;;
90828;python3.12;object.c:1306-1306;0.1;0.02;;;;;;;;
88830;python3.12;object.c:2193-2193,tupleobject.c:1148-1149;0.1;0.02;;;;;;;;
87935;python3.12;pycore_pystate.h:118-118,dictobject.c:2348-2348,object.h:243-243,object.h:263-263;0.1;0.02;;;;;;;;
85266;python3.12;;0.1;0.02;;;;;;;;
84812;python3.12;obmalloc.c:1124-1129;0.1;0.02;;;;;;;;
81979;python3.12;dictobject.c:1075-1075,dictobject.c:1099-1099;0.1;0.02;;;;;;;;
81860;python3.12;pyhash.c:406-424;0.1;0.02;;;;;;;;
92108;python3.12;ceval.c:1390-1391;0.1;0.02;;;;;;;;
81954;python3.12;dictobject.c:927-929,dictobject.c:1063-1063,pycore_dict.h:134-135;0.1;0.02;;;;;;;;
124510;python3.12;typeobject.c:2130-2130,object.h:234-234;0.07;0.02;;;;;;;;
117485;python3.12;capsule.c:19-19,capsule.c:81-81;0.07;0.02;;;;;;;;
107548;python3.12;call.c:515-515;0.07;0.02;;;;;;;;
102753;python3.12;pycore_pystate.h:82-82,methodobject.c:518-518,methodobject.c:525-525,methodobject.h:55-55;0.07;0.02;;;;;;;;
101527;python3.12;typeobject.c:4728-4728;0.07;0.02;;;;;;;;
99989;python3.12;frame.c:144-144,object.h:243-243,object.h:701-701;0.07;0.02;;;;;;;;
92651;python3.12;generated_cases.c.h:3819-3823,bytecodes.c:2759-2759;0.07;0.02;;;;;;;;
92471;python3.12;generated_cases.c.h:183-184,bytecodes.c:209-209;0.07;0.02;;;;;;;;
92553;python3.12;generated_cases.c.h:3795-3799;0.07;0.02;;;;;;;;
93471;python3.12;generated_cases.c.h:2632-2633,bytecodes.c:1896-1896;0.07;0.02;;;;;;;;
92575;python3.12;generated_cases.c.h:2851-2853,bytecodes.c:2061-2061;0.07;0.02;;;;;;;;
92476;python3.12;object.h:647-647,generated_cases.c.h:201-202,generated_cases.c.h:3675-3675;0.07;0.02;;;;;;;;
92598;python3.12;object.h:243-243,object.h:647-647,generated_cases.c.h:2502-2502;0.07;0.02;;;;;;;;
93057;python3.12;generated_cases.c.h:3675-3679,generated_cases.c.h:3685-3685,bytecodes.c:2609-2609;0.07;0.02;;;;;;;;
92482;python3.12;generated_cases.c.h:10-10,bytecodes.c:140-140;0.07;0.02;;;;;;;;
92884;python3.12;object.h:644-644,bytecodes.c:2376-2376;0.07;0.02;;;;;;;;
92924;python3.12;generated_cases.c.h:2698-2700,bytecodes.c:1952-1952,pycore_code.h:313-313;0.07;0.02;;;;;;;;
92485;python3.12;generated_cases.c.h:24-24,generated_cases.c.h:3675-3675;0.07;0.02;;;;;;;;
90823;python3.12;object.c:1294-1294,typeobject.c:225-225,object.h:220-220;0.07;0.02;;;;;;;;
87752;python3.12;tupleobject.c:1181-1181;0.07;0.02;;;;;;;;
85945;python3.12;obmalloc.c:1531-1535;0.07;0.02;;;;;;;;
85947;python3.12;obmalloc.c:1540-1544;0.07;0.02;;;;;;;;
85265;python3.12;obmalloc.c:1808-1813;0.07;0.02;;;;;;;;
84817;python3.12;obmalloc.c:1604-1611,unicodeobject.c:1567-1567;0.07;0.02;;;;;;;;
84798;python3.12;unicodeobject.c:1545-1545,unicodeobject.c:1555-1555,unicodeobject.h:198-198;0.07;0.02;;;;;;;;
84342;python3.12;obmalloc.c:1540-1544;0.07;0.02;;;;;;;;
84346;python3.12;pycore_pystate.h:82-82,typeobject.c:1704-1704,gcmodule.c:2273-2277;0.07;0.02;;;;;;;;
81997;python3.12;dictobject.c:1078-1078,pycore_dict.h:135-135;0.07;0.02;;;;;;;;
81878;python3.12;dictobject.c:652-659,dictobject.c:1350-1355,string3.h:84-84;0.07;0.02;;;;;;;;
81857;python3.12;pyhash.c:413-424;0.07;0.02;;;;;;;;
81474;python3.12;ceval_gil.c:390-396;0.07;0.02;;;;;;;;
81490;python3.12;ceval_gil.c:456-456,pycore_interp.h:209-209;0.07;0.02;;;;;;;;
81972;python3.12;dictobject.c:344-344,dictobject.c:961-962;0.07;0.02;;;;;;;;
99983;python3.12;object.h:705-705;0.07;0.02;;;;;;;;
85819;python3.12;typeobject.c:231-231,dictobject.c:1733-1733,object.h:967-967;0.07;0.02;;;;;;;;
177129;python3.12;_functoolsmodule.c:877-877;0.05;0.01;;;;;;;;
175970;python3.12;_collectionsmodule.c:2387-2391;0.05;0.01;;;;;;;;
159847;python3.12;pycore_pystate.h:82-82,errors.c:264-266;0.05;0.01;;;;;;;;
145523;python3.12;longobject.c:1348-1348,longobject.c:1357-1358;0.05;0.01;;;;;;;;
143531;python3.12;context.c:196-197;0.05;0.01;;;;;;;;
139152;python3.12;pycore_pystate.h:82-82,pycore_pystate.h:118-118,typeobject.c:4725-4728,typeobject.c:8896-8900,object.h:220-220;0.05;0.01;;;;;;;;
136932;python3.12;floatobject.c:290-295;0.05;0.01;;;;;;;;
135603;python3.12;abstract.c:1711-1712;0.05;0.01;;;;;;;;
121137;python3.12;tupleobject.c:650-650;0.05;0.01;;;;;;;;
117987;python3.12;pycore_pystate.h:27-27,pycore_pystate.h:118-118,obmalloc.c:859-859;0.05;0.01;;;;;;;;
117240;python3.12;pycore_pystate.h:82-82,call.c:418-418,abstract.h:60-60;0.05;0.01;;;;;;;;
117224;python3.12;pycore_pystate.h:82-82,classobject.c:44-48,classobject.c:54-54,abstract.h:60-60,classobject.h:35-40;0.05;0.01;;;;;;;;
113002;python3.12;obmalloc.c:1531-1535;0.05;0.01;;;;;;;;
110859;python3.12;longobject.c:3277-3277,longobject.c:3283-3283;0.05;0.01;;;;;;;;
110841;python3.12;unicodeobject.c:2824-2824;0.05;0.01;;;;;;;;
108412;python3.12;pycore_call.h:44-44,call.c:341-341,object.h:220-220;0.05;0.01;;;;;;;;
107974;python3.12;tupleobject.c:368-368,object.h:644-644;0.05;0.01;;;;;;;;
107510;python3.12;pycore_pystate.h:118-118,typeobject.c:2183-2183,typeobject.c:4725-4728,object.h:220-220;0.05;0.01;;;;;;;;
106972;python3.12;errors.c:341-341,object.h:220-220,object.h:967-967;0.05;0.01;;;;;;;;
106581;python3.12;object.h:644-644,exceptions.c:76-76,exceptions.c:2278-2281;0.05;0.01;;;;;;;;
105984;python3.12;abstract.c:2618-2618;0.05;0.01;;;;;;;;
103737;python3.12;object.c:2193-2193,tupleobject.c:1148-1149;0.05;0.01;;;;;;;;
102841;python3.12;pycore_pystate.h:118-118,tupleobject.c:1142-1142;0.05;0.01;;;;;;;;
102843;python3.12;tupleobject.c:1144-1145;0.05;0.01;;;;;;;;
102806;python3.12;descrobject.c:202-202;0.05;0.01;;;;;;;;
102345;python3.12;methodobject.c:509-509,methodobject.h:47-47;0.05;0.01;;;;;;;;
102259;python3.12;pycore_pystate.h:82-82,pycore_object.h:150-150,pycore_object.h:341-342,objimpl.h:6-6,gcmodule.c:2300-2300;0.05;0.01;;;;;;;;
101525;python3.12;pycore_pystate.h:118-118,typeobject.c:4725-4728;0.05;0.01;;;;;;;;
101528;python3.12;object.c:1426-1426,typeobject.c:4733-4733;0.05;0.01;;;;;;;;
101536;python3.12;object.h:644-644;0.05;0.01;;;;;;;;
101519;python3.12;object.c:1398-1398,object.c:1410-1410,object.h:220-220;0.05;0.01;;;;;;;;
99993;python3.12;object.h:243-243,ceval.c:1541-1541;0.05;0.01;;;;;;;;
99977;python3.12;frame.c:139-139;0.05;0.01;;;;;;;;
99110;python3.12;funcobject.c:152-152,object.h:643-644;0.05;0.01;;;;;;;;
98190;python3.12;pycore_gc.h:63-68,pycore_gc.h:74-74,gcmodule.c:98-99,gcmodule.c:250-250,gcmodule.c:258-258,gcmodule.c:505-505,gcmodule.c:529-534;0.05;0.01;;;;;;;;
97865;python3.12;funcobject.c:871-872;0.05;0.01;;;;;;;;
96544;python3.12;methodobject.c:245-245,methodobject.h:61-61;0.05;0.01;;;;;;;;
95420;python3.12;pystate.c:84-84,pystate.c:1713-1713;0.05;0.01;;;;;;;;
92688;python3.12;generated_cases.c.h:2475-2479,generated_cases.c.h:3675-3675;0.05;0.01;;;;;;;;
92589;python3.12;bytecodes.c:685-686,pycore_frame.h:161-161,ceval.c:624-624;0.05;0.01;;;;;;;;
92469;python3.12;generated_cases.c.h:90-92,generated_cases.c.h:3675-3675;0.05;0.01;;;;;;;;
93410;python3.12;bytecodes.c:1847-1849;0.05;0.01;;;;;;;;
92711;python3.12;bytecodes.c:2566-2566;0.05;0.01;;;;;;;;
92592;python3.12;object.h:220-220,generated_cases.c.h:2482-2483,bytecodes.c:1808-1808,pycore_code.h:313-313;0.05;0.01;;;;;;;;
93313;python3.12;pycore_pystate.h:118-118,generated_cases.c.h:4219-4222,bytecodes.c:3050-3050;0.05;0.01;;;;;;;;
92594;python3.12;bytecodes.c:1811-1812;0.05;0.01;;;;;;;;
92493;python3.12;bytecodes.c:1380-1381,pycore_dict.h:135-135;0.05;0.01;;;;;;;;
92595;python3.12;bytecodes.c:1813-1814;0.05;0.01;;;;;;;;
92494;python3.12;object.h:644-644;0.05;0.01;;;;;;;;
92495;python3.12;generated_cases.c.h:1882-1884;0.05;0.01;;;;;;;;
92515;python3.12;generated_cases.c.h:261-268,generated_cases.c.h:3675-3675;0.05;0.01;;;;;;;;
92636;python3.12;generated_cases.c.h:914-915,bytecodes.c:635-638;0.05;0.01;;;;;;;;
92700;python3.12;generated_cases.c.h:3675-3675,generated_cases.c.h:4673-4676;0.05;0.01;;;;;;;;
92498;python3.12;generated_cases.c.h:1884-1886,generated_cases.c.h:3675-3675;0.05;0.01;;;;;;;;
92479;python3.12;object.h:644-647,generated_cases.c.h:140-140,bytecodes.c:192-192;0.05;0.01;;;;;;;;
92680;python3.12;bytecodes.c:1767-1770;0.05;0.01;;;;;;;;
92499;python3.12;generated_cases.c.h:3042-3044,bytecodes.c:2162-2162;0.05;0.01;;;;;;;;
92562;python3.12;bytecodes.c:1360-1360;0.05;0.01;;;;;;;;
92603;python3.12;generated_cases.c.h:2506-2507,generated_cases.c.h:3675-3675;0.05;0.01;;;;;;;;
94307;python3.12;bytecodes.c:2692-2693;0.05;0.01;;;;;;;;
92249;python3.12;ceval_gil.c:294-295,ceval_gil.c:729-729,pystate.c:1728-1728;0.05;0.01;;;;;;;;
92250;python3.12;ceval_gil.c:304-307;0.05;0.01;;;;;;;;
92045;python3.12;ceval.c:1310-1317;0.05;0.01;;;;;;;;
90714;python3.12;unicodeobject.c:13224-13228;0.05;0.01;;;;;;;;
90071;python3.12;pycore_call.h:44-44,call.c:112-112,object.h:220-220,abstract.h:60-60;0.05;0.01;;;;;;;;
90073;python3.12;pycore_call.h:54-54,call.c:126-126;0.05;0.01;;;;;;;;
90074;python3.12;call.c:132-132;0.05;0.01;;;;;;;;
89980;python3.12;object.c:1044-1044;0.05;0.01;;;;;;;;
89985;python3.12;object.c:1063-1063;0.05;0.01;;;;;;;;
89475;python3.12;getargs.c:675-675,getargs.c:936-936;0.05;0.01;;;;;;;;
88828;python3.12;tupleobject.c:1144-1145;0.05;0.01;;;;;;;;
85938;python3.12;obmalloc.c:795-795,object.c:318-318,objimpl.h:6-6;0.05;0.01;;;;;;;;
85840;python3.12;dictobject.c:1728-1733,object.h:967-967;0.05;0.01;;;;;;;;
85812;python3.12;object.h:644-644;0.05;0.01;;;;;;;;
85579;python3.12;object.c:1161-1165,object.h:220-220;0.05;0.01;;;;;;;;
85408;python3.12;pycore_pystate.h:118-118,unicodeobject.c:235-235,unicodeobject.c:14731-14731;0.05;0.01;;;;;;;;
85367;python3.12;errors.c:311-311,pycore_pyerrors.h:23-23;0.05;0.01;;;;;;;;
85263;python3.12;obmalloc.c:1028-1029;0.05;0.01;;;;;;;;
85254;python3.12;obmalloc.c:827-830,gcmodule.c:2397-2397;0.05;0.01;;;;;;;;
84901;python3.12;dictobject.c:1183-1185;0.05;0.01;;;;;;;;
84816;python3.12;obmalloc.c:1808-1813;0.05;0.01;;;;;;;;
84429;python3.12;obmalloc.c:1540-1544;0.05;0.01;;;;;;;;
84480;python3.12;obmalloc.c:1368-1370;0.05;0.01;;;;;;;;
84411;python3.12;unicodeobject.c:1852-1853;0.05;0.01;;;;;;;;
84327;python3.12;typeobject.c:1721-1722;0.05;0.01;;;;;;;;
84285;python3.12;pycore_pystate.h:118-118,dictobject.c:1861-1862;0.05;0.01;;;;;;;;
84127;python3.12;;0.05;0.01;;;;;;;;
83539;python3.12;pycore_pystate.h:118-118,tupleobject.c:1142-1142;0.05;0.01;;;;;;;;
82508;python3.12;pycore_pystate.h:118-118,listobject.c:196-199,pycore_gc.h:23-23,pycore_gc.h:63-63,pycore_gc.h:74-74,pycore_object.h:214-219,object.h:283-283;0.05;0.01;;;;;;;;
82444;python3.12;pycore_pystate.h:27-27,pycore_pystate.h:118-118,obmalloc.c:859-859,obmalloc.c:1844-1844;0.05;0.01;;;;;;;;
82381;python3.12;obmalloc.c:828-830;0.05;0.01;;;;;;;;
82234;python3.12;obmalloc.c:1531-1535;0.05;0.01;;;;;;;;
81950;python3.12;dictobject.c:1053-1053,pycore_dict.h:135-135;0.05;0.01;;;;;;;;
81962;python3.12;dictobject.c:1074-1074;0.05;0.01;;;;;;;;
81729;python3.12;pycore_pystate.h:118-118,dictobject.c:3291-3291,dictobject.c:3297-3297,object.h:967-967;0.05;0.01;;;;;;;;
81743;python3.12;dictobject.c:3322-3322;0.05;0.01;;;;;;;;
81642;python3.12;obmalloc.c:1531-1535;0.05;0.01;;;;;;;;
81479;python3.12;ceval_gil.c:440-440;0.05;0.01;;;;;;;;
81470;python3.12;pycore_runtime.h:204-204,ceval_gil.c:356-356,ceval_gil.c:371-371;0.05;0.01;;;;;;;;
68347;python3.12;object.c:928-929;0.05;0.01;;;;;;;;
96262;python3.12;dictobject.c:1137-1138;0.05;0.01;;;;;;;;
92105;python3.12;object.h:967-967,ceval.c:1379-1379;0.05;0.01;;;;;;;;
177962;python3.12;sre.c:2529-2529;0.05;0.01;;;;;;;;
82208;python3.12;dictobject.c:284-284,dictobject.c:344-344,dictobject.c:1400-1400;0.05;0.01;;;;;;;;
107515;python3.12;typeobject.c:2189-2189,object.h:220-220;0.05;0.01;;;;;;;;
89367;python3.12;getargs.c:283-284;0.05;0.01;;;;;;;;
103789;python3.12;pycore_ceval.h:143-143,object.h:243-243,object.h:701-701;0.05;0.01;;;;;;;;
112974;python3.12;unicodeobject.c:9586-9586,unicodeobject.c:9609-9609;0.05;0.01;;;;;;;;
119867;python3.12;pycore_object.h:331-331,object.h:220-220;0.05;0.01;;;;;;;;
96614;python3.12;pycore_object.h:331-331,object.h:220-220;0.05;0.01;;;;;;;;
85794;python3.12;typeobject.c:4766-4766,object.h:243-243,object.h:701-701;0.05;0.01;;;;;;;;
82003;python3.12;dictobject.c:344-344,dictobject.c:972-974,pycore_dict.h:134-135;0.05;0.01;;;;;;;;
101555;python3.12;object.h:705-705;0.05;0.01;;;;;;;;
81975;python3.12;dictobject.c:350-350,dictobject.c:933-933;0.05;0.01;;;;;;;;
81952;python3.12;dictobject.c:1059-1062;0.05;0.01;;;;;;;;
177082;python3.12;_functoolsmodule.c:933-936,_functoolsmodule.c:1097-1097;0.02;0;;;;;;;;
175974;python3.12;object.h:644-644,_collectionsmodule.c:2411-2411;0.02;0;;;;;;;;
174746;python3.12;;0.02;0;;;;;;;;
174434;python3.12;object.h:243-243,object.h:701-701;0.02;0;;;;;;;;
174438;python3.12;typeobject.c:8771-8771;0.02;0;;;;;;;;
174401;python3.12;typeobject.c.h:25-25,abstract.c:2765-2765;0.02;0;;;;;;;;
166952;python3.12;dictobject.c:5115-5115;0.02;0;;;;;;;;
163340;python3.12;;0.02;0;;;;;;;;
162289;python3.12;tupleobject.c:700-701;0.02;0;;;;;;;;
160955;python3.12;abstract.c:2677-2677,object.h:967-967;0.02;0;;;;;;;;
160055;python3.12;intrinsics.c:149-154;0.02;0;;;;;;;;
155198;python3.12;specialize.c:694-694;0.02;0;;;;;;;;
152645;python3.12;funcobject.c:511-511,object.h:644-644;0.02;0;;;;;;;;
152479;python3.12;dictobject.c:757-760;0.02;0;;;;;;;;
147391;python3.12;pystate.c:72-72,pystate.c:95-95,pystate.c:1814-1814,pystate.c:1829-1829;0.02;0;;;;;;;;
147395;python3.12;pystate.c:84-84,pystate.c:1713-1713;0.02;0;;;;;;;;
145774;python3.12;pylifecycle.c:249-249;0.02;0;;;;;;;;
145525;python3.12;longobject.c:1372-1372,longintrepr.h:111-111;0.02;0;;;;;;;;
143987;python3.12;pycore_pystate.h:118-118,typeobject.c:4725-4728,typeobject.c:8593-8593,object.h:220-220;0.02;0;;;;;;;;
143989;python3.12;typeobject.c:4728-4728;0.02;0;;;;;;;;
142190;python3.12;_abc.c.h:100-105;0.02;0;;;;;;;;
139344;python3.12;itertoolsmodule.c:2098-2098;0.02;0;;;;;;;;
139235;python3.12;call.c:28-28,pycore_pyerrors.h:23-23;0.02;0;;;;;;;;
139157;python3.12;typeobject.c:2189-2189,pycore_object.h:150-150,object.h:220-220;0.02;0;;;;;;;;
138245;python3.12;pycore_pystate.h:118-118,typeobject.c:4725-4728,typeobject.c:8818-8818,object.h:220-220;0.02;0;;;;;;;;
138247;python3.12;typeobject.c:4728-4728;0.02;0;;;;;;;;
132418;python3.12;dictobject.c:2481-2482;0.02;0;;;;;;;;
131403;python3.12;longobject.c:362-362,bltinmodule.c:1242-1242;0.02;0;;;;;;;;
129773;python3.12;modsupport.c:520-524;0.02;0;;;;;;;;
128095;python3.12;typeobject.c:8536-8536;0.02;0;;;;;;;;
127367;python3.12;dictobject.c:3104-3104;0.02;0;;;;;;;;
127119;python3.12;typeobject.c:990-990;0.02;0;;;;;;;;
125656;python3.12;pycore_pystate.h:82-82,unicodeobject.c:1853-1853,errors.c:303-303;0.02;0;;;;;;;;
125534;python3.12;pycore_moduleobject.h:28-28,object.c:1035-1035,object.h:220-220,_abc.c:117-117;0.02;0;;;;;;;;
124538;python3.12;;0.02;0;;;;;;;;
124512;python3.12;typeobject.c:2131-2131;0.02;0;;;;;;;;
124514;python3.12;typeobject.c:2130-2130;0.02;0;;;;;;;;
124299;python3.12;abstract.c:1526-1526,object.h:220-220;0.02;0;;;;;;;;
124037;python3.12;unicodeobject.c:11739-11739,unicodeobject.c:11746-11746,unicodeobject.h:262-262;0.02;0;;;;;;;;
123698;python3.12;pycore_pystate.h:118-118,floatobject.c:260-260;0.02;0;;;;;;;;
121096;python3.12;tupleobject.c:619-619,object.h:967-967;0.02;0;;;;;;;;
119808;python3.12;dictobject.c:5584-5585;0.02;0;;;;;;;;
119885;python3.12;pycore_object.h:331-331,object.h:220-220;0.02;0;;;;;;;;
119243;python3.12;abstract.c:2677-2677,object.h:967-967;0.02;0;;;;;;;;
119245;python3.12;typeobject.c:2130-2130,object.h:234-234;0.02;0;;;;;;;;
119238;python3.12;abstract.c:294-294;0.02;0;;;;;;;;
119236;python3.12;abstract.c:293-294;0.02;0;;;;;;;;
119158;python3.12;flowgraph.c:689-690;0.02;0;;;;;;;;
117930;python3.12;typeobject.c:1949-1950;0.02;0;;;;;;;;
117957;python3.12;dictobject.c:5569-5570;0.02;0;;;;;;;;
117648;python3.12;listobject.c:2711-2715,object.h:967-967;0.02;0;;;;;;;;
117486;python3.12;capsule.c:19-19;0.02;0;;;;;;;;
117429;python3.12;tupleobject.c:320-325,object.h:234-234;0.02;0;;;;;;;;
117335;python3.12;pycore_pystate.h:82-82,call.c:418-418,abstract.h:60-60;0.02;0;;;;;;;;
117339;python3.12;object.h:644-644,ceval.c:1661-1661;0.02;0;;;;;;;;
117148;python3.12;genobject.c:127-132,pycore_gc.h:59-68,pycore_gc.h:74-74,pycore_object.h:248-249;0.02;0;;;;;;;;
116830;python3.12;object.c:1078-1078;0.02;0;;;;;;;;
116797;python3.12;object.h:967-967,import.c:2808-2808;0.02;0;;;;;;;;
116563;python3.12;obmalloc.c:1531-1535;0.02;0;;;;;;;;
116565;python3.12;obmalloc.c:1540-1544;0.02;0;;;;;;;;
115134;python3.12;compile.c:6042-6044;0.02;0;;;;;;;;
114581;python3.12;;0.02;0;;;;;;;;
114508;python3.12;listobject.c:3239-3240;0.02;0;;;;;;;;
114461;python3.12;pycore_pystate.h:82-82,pycore_object.h:150-150,pycore_object.h:341-342,objimpl.h:6-6,gcmodule.c:2300-2300;0.02;0;;;;;;;;
114473;python3.12;pycore_pystate.h:82-82,gcmodule.c:2273-2277,gcmodule.c:2308-2310;0.02;0;;;;;;;;
113654;python3.12;object.c:2537-2538;0.02;0;;;;;;;;
113508;python3.12;exceptions.c:72-73;0.02;0;;;;;;;;
113144;python3.12;pycore_pystate.h:27-27,pycore_pystate.h:118-118,obmalloc.c:859-859;0.02;0;;;;;;;;
112958;python3.12;unicodeobject.c:9558-9558,object.h:220-220;0.02;0;;;;;;;;
113055;python3.12;object.h:243-243,object.h:701-701;0.02;0;;;;;;;;
112953;python3.12;unicodeobject.c:9519-9519,unicodeobject.c:9533-9533;0.02;0;;;;;;;;
111553;python3.12;unicodeobject.c:13073-13075;0.02;0;;;;;;;;
111556;python3.12;unicodeobject.c:13077-13077,unicodeobject.h:293-293;0.02;0;;;;;;;;
111536;python3.12;typeobject.c:1722-1722,setobject.c:954-954,setobject.c:2266-2266;0.02;0;;;;;;;;
111398;python3.12;obmalloc.c:1124-1129;0.02;0;;;;;;;;
111370;python3.12;listobject.c:595-598;0.02;0;;;;;;;;
110960;python3.12;listobject.c:675-675;0.02;0;;;;;;;;
110848;python3.12;abstract.c:1863-1863;0.02;0;;;;;;;;
110300;python3.12;longobject.c:477-477,object.h:967-967;0.02;0;;;;;;;;
108423;python3.12;call.c:367-367;0.02;0;;;;;;;;
108414;python3.12;pycore_call.h:54-54,call.c:353-353;0.02;0;;;;;;;;
108264;python3.12;longobject.c:3246-3246,longobject.c:3272-3272,longintrepr.h:122-122;0.02;0;;;;;;;;
108252;python3.12;object.h:705-705;0.02;0;;;;;;;;
108155;python3.12;obmalloc.c:1540-1544;0.02;0;;;;;;;;
108145;python3.12;pycore_pystate.h:82-82,pycore_object.h:150-150,pycore_object.h:341-342,objimpl.h:6-6,gcmodule.c:2300-2300;0.02;0;;;;;;;;
108087;python3.12;funcobject.c:1045-1045;0.02;0;;;;;;;;
107997;python3.12;pycore_pystate.h:118-118,typeobject.c:4725-4728;0.02;0;;;;;;;;
107949;python3.12;abstract.c:1399-1399;0.02;0;;;;;;;;
107950;python3.12;abstract.c:1398-1403,object.h:220-220;0.02;0;;;;;;;;
107905;python3.12;abstract.c:1465-1465,longintrepr.h:121-122;0.02;0;;;;;;;;
107858;python3.12;object.h:647-647;0.02;0;;;;;;;;
107658;python3.12;pycore_gc.h:30-30,frameobject.c:883-887;0.02;0;;;;;;;;
107544;python3.12;call.c:484-484,call.c:491-491,object.h:234-234;0.02;0;;;;;;;;
107458;python3.12;typeobject.c:4728-4728;0.02;0;;;;;;;;
107441;python3.12;object.c:1680-1680;0.02;0;;;;;;;;
107191;python3.12;obmalloc.c:1531-1535;0.02;0;;;;;;;;
107193;python3.12;obmalloc.c:1540-1544;0.02;0;;;;;;;;
107103;python3.12;obmalloc.c:1531-1535;0.02;0;;;;;;;;
107095;python3.12;pycore_object.h:150-150,pycore_object.h:341-342,objimpl.h:25-26,gcmodule.c:2300-2300;0.02;0;;;;;;;;
107015;python3.12;pycore_gc.h:59-68,pycore_gc.h:74-74,pycore_object.h:248-249,exceptions.c:2307-2307,exceptions.c:2314-2314;0.02;0;;;;;;;;
107009;python3.12;pycore_pystate.h:82-82,errors.c:33-34,errors.c:536-536,object.h:798-798;0.02;0;;;;;;;;
106975;python3.12;errors.c:344-344;0.02;0;;;;;;;;
106931;python3.12;errors.c:361-361,pycore_pyerrors.h:23-23;0.02;0;;;;;;;;
106918;python3.12;abstract.c:752-753;0.02;0;;;;;;;;
106539;python3.12;pycore_call.h:92-92,call.c:28-28,pycore_pyerrors.h:23-23;0.02;0;;;;;;;;
106392;python3.12;errors.c:247-247,object.h:220-220;0.02;0;;;;;;;;
106239;python3.12;unicodeobject.c:10699-10702,object.h:967-967;0.02;0;;;;;;;;
106179;python3.12;object.c:790-790,object.h:220-220;0.02;0;;;;;;;;
106181;python3.12;object.c:799-799;0.02;0;;;;;;;;
106062;python3.12;tupleobject.c:352-356;0.02;0;;;;;;;;
106012;python3.12;abstract.c:2645-2645,pycore_ceval.h:143-143,object.h:243-243,object.h:701-701;0.02;0;;;;;;;;
105990;python3.12;abstract.c:2611-2611;0.02;0;;;;;;;;
105982;python3.12;abstract.c:2611-2611,abstract.c:2671-2671;0.02;0;;;;;;;;
105794;python3.12;dictobject.c:4576-4577;0.02;0;;;;;;;;
105734;python3.12;pycore_ceval.h:121-121,pycore_ceval.h:134-134;0.02;0;;;;;;;;
105735;python3.12;descrobject.c:309-309,descrobject.c:451-451;0.02;0;;;;;;;;
105446;python3.12;obmalloc.c:1531-1535;0.02;0;;;;;;;;
105430;python3.12;unicodeobject.c:12997-12997;0.02;0;;;;;;;;
105422;python3.12;moduleobject.c:865-865;0.02;0;;;;;;;;
104461;python3.12;typeobject.c:5440-5440;0.02;0;;;;;;;;
104487;python3.12;obmalloc.c:1540-1544;0.02;0;;;;;;;;
104490;python3.12;dictobject.c:5355-5356;0.02;0;;;;;;;;
104472;python3.12;dictobject.c:5368-5368,pycore_gc.h:23-23,pycore_gc.h:63-63,pycore_gc.h:74-74,pycore_object.h:214-219,object.h:220-220;0.02;0;;;;;;;;
104476;python3.12;dictobject.c:5343-5345;0.02;0;;;;;;;;
104352;python3.12;unicodeobject.c:1322-1322,unicodeobject.h:262-262;0.02;0;;;;;;;;
104359;python3.12;unicodeobject.c:1351-1353,string3.h:51-51;0.02;0;;;;;;;;
103728;python3.12;pycore_pystate.h:82-82,descrobject.c:276-276,descrobject.c:341-341,abstract.h:60-60;0.02;0;;;;;;;;
103821;python3.12;object.h:382-382;0.02;0;;;;;;;;
103074;python3.12;structmember.c:110-112;0.02;0;;;;;;;;
103018;python3.12;bltinmodule.c.h:611-611,bltinmodule.c.h:617-617;0.02;0;;;;;;;;
102848;python3.12;tupleobject.c:404-407;0.02;0;;;;;;;;
102849;python3.12;pycore_gc.h:23-23,pycore_gc.h:63-63,pycore_gc.h:74-74,pycore_object.h:214-219;0.02;0;;;;;;;;
102802;python3.12;descrobject.c:195-196;0.02;0;;;;;;;;
102805;python3.12;typeobject.c:335-335,typeobject.c:2124-2124;0.02;0;;;;;;;;
102809;python3.12;descrobject.c:203-203,descrobject.c:210-210;0.02;0;;;;;;;;
102815;python3.12;typeobject.c:2130-2130,object.h:234-234;0.02;0;;;;;;;;
102758;python3.12;call.c:28-28,pycore_pyerrors.h:23-23;0.02;0;;;;;;;;
102338;python3.12;pycore_pystate.h:82-82,methodobject.c:384-384,methodobject.c:490-490;0.02;0;;;;;;;;
102247;python3.12;descrobject.c:151-152;0.02;0;;;;;;;;
102251;python3.12;descrobject.c:158-158;0.02;0;;;;;;;;
102275;python3.12;obmalloc.c:1357-1357;0.02;0;;;;;;;;
101700;python3.12;descrobject.c:175-176;0.02;0;;;;;;;;
101710;python3.12;structmember.c:70-71;0.02;0;;;;;;;;
101626;python3.12;object.c:1510-1510;0.02;0;;;;;;;;
101541;python3.12;object.c:1443-1443,dictobject.c:5518-5518;0.02;0;;;;;;;;
101588;python3.12;typeobject.c:4759-4766,object.h:644-644;0.02;0;;;;;;;;
101524;python3.12;object.c:1418-1418;0.02;0;;;;;;;;
101572;python3.12;object.c:1472-1472,dictobject.c:1769-1769;0.02;0;;;;;;;;
101535;python3.12;object.c:1430-1430;0.02;0;;;;;;;;
101604;python3.12;object.h:647-647;0.02;0;;;;;;;;
101565;python3.12;dictobject.c:1755-1755,object.h:647-647,object.h:967-967;0.02;0;;;;;;;;
101520;python3.12;object.h:644-644;0.02;0;;;;;;;;
99985;python3.12;frame.c:142-142,object.h:798-798;0.02;0;;;;;;;;
99994;python3.12;object.h:705-705;0.02;0;;;;;;;;
99973;python3.12;ceval.c:1538-1538,ceval.c:1564-1565;0.02;0;;;;;;;;
99978;python3.12;frame.c:143-143,object.h:798-798;0.02;0;;;;;;;;
99350;python3.12;pycore_call.h:44-44,pycore_call.h:88-88;0.02;0;;;;;;;;
99351;python3.12;pycore_call.h:92-92;0.02;0;;;;;;;;
99143;python3.12;typeobject.c:2130-2130,object.h:234-234;0.02;0;;;;;;;;
98188;python3.12;gcmodule.c:556-556;0.02;0;;;;;;;;
97918;python3.12;pycore_object.h:331-331,object.h:220-220;0.02;0;;;;;;;;
98060;python3.12;gcmodule.c:80-80,gcmodule.c:471-471;0.02;0;;;;;;;;
97888;python3.12;pycore_object.h:331-331,object.h:220-220;0.02;0;;;;;;;;
97574;python3.12;typeobject.c:5239-5239;0.02;0;;;;;;;;
97439;python3.12;object.h:220-220,bytesobject.c:1217-1217;0.02;0;;;;;;;;
96550;python3.12;pycore_object.h:331-331,object.h:220-220;0.02;0;;;;;;;;
95419;python3.12;pystate.c:72-72,pystate.c:1814-1814;0.02;0;;;;;;;;
95423;python3.12;ceval_gil.c:743-743,pystate.c:1717-1717;0.02;0;;;;;;;;
93407;python3.12;object.h:220-220,generated_cases.c.h:2538-2539,bytecodes.c:1840-1840,pycore_code.h:313-313;0.02;0;;;;;;;;
92568;python3.12;generated_cases.c.h:1854-1856,generated_cases.c.h:3675-3675;0.02;0;;;;;;;;
92647;python3.12;bytecodes.c:2317-2320;0.02;0;;;;;;;;
92926;python3.12;bytecodes.c:1954-1955;0.02;0;;;;;;;;
93620;python3.12;call.c:387-387;0.02;0;;;;;;;;
92907;python3.12;generated_cases.c.h:2907-2907;0.02;0;;;;;;;;
92525;python3.12;bytecodes.c:2688-2688;0.02;0;;;;;;;;
93820;python3.12;bytecodes.c:506-508,pycore_frame.h:246-246;0.02;0;;;;;;;;
92728;python3.12;object.h:644-644,bytecodes.c:1475-1479;0.02;0;;;;;;;;
93085;python3.12;generated_cases.c.h:387-389,bytecodes.c:294-294;0.02;0;;;;;;;;
92985;python3.12;bytecodes.c:3011-3011;0.02;0;;;;;;;;
92807;python3.12;object.h:647-647,generated_cases.c.h:236-236,generated_cases.c.h:246-249,generated_cases.c.h:3675-3675;0.02;0;;;;;;;;
92507;python3.12;generated_cases.c.h:3066-3067,bytecodes.c:2178-2178;0.02;0;;;;;;;;
92928;python3.12;object.h:243-243,bytecodes.c:1964-1964;0.02;0;;;;;;;;
92710;python3.12;object.h:220-220,generated_cases.c.h:3595-3596,bytecodes.c:2563-2563;0.02;0;;;;;;;;
92527;python3.12;bytecodes.c:2688-2688,bytecodes.c:2711-2711;0.02;0;;;;;;;;
93506;python3.12;generated_cases.c.h:1395-1396,bytecodes.c:1013-1016;0.02;0;;;;;;;;
92508;python3.12;bytecodes.c:2179-2179;0.02;0;;;;;;;;
92967;python3.12;object.h:243-243,object.h:647-647,generated_cases.c.h:2530-2530;0.02;0;;;;;;;;
92590;python3.12;bytecodes.c:687-687;0.02;0;;;;;;;;
92489;python3.12;bytecodes.c:1372-1372;0.02;0;;;;;;;;
92571;python3.12;object.h:243-243,bytecodes.c:209-209;0.02;0;;;;;;;;
92929;python3.12;object.h:243-243,bytecodes.c:1966-1966,pycore_dict.h:189-193;0.02;0;;;;;;;;
93643;python3.12;generated_cases.c.h:2022-2022;0.02;0;;;;;;;;
92810;python3.12;bytecodes.c:3169-3175;0.02;0;;;;;;;;
93431;python3.12;generated_cases.c.h:653-655,bytecodes.c:465-465;0.02;0;;;;;;;;
92692;python3.12;object.h:243-243,generated_cases.c.h:4668-4668,bytecodes.c:3387-3387;0.02;0;;;;;;;;
92969;python3.12;generated_cases.c.h:2530-2530;0.02;0;;;;;;;;
93213;python3.12;dictobject.c:757-760,dictobject.c:1640-1640;0.02;0;;;;;;;;
92472;python3.12;object.h:644-644,generated_cases.c.h:191-191,bytecodes.c:192-192;0.02;0;;;;;;;;
92631;python3.12;generated_cases.c.h:3627-3628,bytecodes.c:2580-2580;0.02;0;;;;;;;;
92713;python3.12;object.h:644-644;0.02;0;;;;;;;;
92612;python3.12;bytecodes.c:2900-2900,methodobject.h:55-55;0.02;0;;;;;;;;
94719;python3.12;ceval.c:1631-1631;0.02;0;;;;;;;;
92492;python3.12;bytecodes.c:1377-1377;0.02;0;;;;;;;;
93295;python3.12;listobject.c:2569-2569,generated_cases.c.h:2046-2047;0.02;0;;;;;;;;
94449;python3.12;generated_cases.c.h:3115-3116,generated_cases.c.h:3675-3675;0.02;0;;;;;;;;
92531;python3.12;bytecodes.c:2734-2734;0.02;0;;;;;;;;
93334;python3.12;generated_cases.c.h:3119-3119,generated_cases.c.h:3128-3128,generated_cases.c.h:3675-3675,bytecodes.c:2215-2215;0.02;0;;;;;;;;
93414;python3.12;bytecodes.c:1853-1853;0.02;0;;;;;;;;
92952;python3.12;object.h:644-644,bytecodes.c:457-457;0.02;0;;;;;;;;
92474;python3.12;bytecodes.c:209-209;0.02;0;;;;;;;;
94297;python3.12;object.h:644-644,generated_cases.c.h:191-191,bytecodes.c:192-192;0.02;0;;;;;;;;
92475;python3.12;generated_cases.c.h:201-202,generated_cases.c.h:3675-3675;0.02;0;;;;;;;;
92557;python3.12;generated_cases.c.h:3708-3710,bytecodes.c:2660-2660;0.02;0;;;;;;;;
92716;python3.12;generated_cases.c.h:3622-3624,generated_cases.c.h:3675-3675;0.02;0;;;;;;;;
92615;python3.12;bytecodes.c:2909-2909,methodobject.h:50-50;0.02;0;;;;;;;;
92696;python3.12;bytecodes.c:3389-3389;0.02;0;;;;;;;;
93474;python3.12;bytecodes.c:1905-1907,pycore_frame.h:246-246;0.02;0;;;;;;;;
92656;python3.12;bytecodes.c:2770-2771;0.02;0;;;;;;;;
93275;python3.12;generated_cases.c.h:4095-4098,bytecodes.c:2958-2958;0.02;0;;;;;;;;
92534;python3.12;object.h:243-243,bytecodes.c:2736-2736;0.02;0;;;;;;;;
93610;python3.12;generated_cases.c.h:4419-4419;0.02;0;;;;;;;;
93436;python3.12;object.h:644-644,bytecodes.c:473-473;0.02;0;;;;;;;;
93155;python3.12;generated_cases.c.h:3025-3029,generated_cases.c.h:3675-3675,bytecodes.c:2152-2152;0.02;0;;;;;;;;
92677;python3.12;generated_cases.c.h:1982-1984,generated_cases.c.h:3675-3675;0.02;0;;;;;;;;
93276;python3.12;bytecodes.c:2958-2958;0.02;0;;;;;;;;
93056;python3.12;generated_cases.c.h:6-7,generated_cases.c.h:3675-3675;0.02;0;;;;;;;;
93495;python3.12;pycore_ceval.h:143-143,object.h:243-243,bytecodes.c:3090-3093;0.02;0;;;;;;;;
93358;python3.12;generated_cases.c.h:1198-1200,generated_cases.c.h:3675-3675;0.02;0;;;;;;;;
92536;python3.12;bytecodes.c:2736-2736;0.02;0;;;;;;;;
94320;python3.12;object.h:243-243,generated_cases.c.h:3052-3052,bytecodes.c:2166-2166;0.02;0;;;;;;;;
93751;python3.12;generated_cases.c.h:1700-1700,bytecodes.c:1236-1237;0.02;0;;;;;;;;
92659;python3.12;object.h:644-644,pycore_frame.h:121-121,pycore_frame.h:264-264;0.02;0;;;;;;;;
93278;python3.12;bytecodes.c:2964-2964,methodobject.h:55-55;0.02;0;;;;;;;;
93516;python3.12;generated_cases.c.h:4589-4590;0.02;0;;;;;;;;
93058;python3.12;generated_cases.c.h:2033-2034,bytecodes.c:1491-1491;0.02;0;;;;;;;;
93752;python3.12;bytecodes.c:1242-1243;0.02;0;;;;;;;;
92480;python3.12;object.h:647-647,generated_cases.c.h:150-153,generated_cases.c.h:3675-3675;0.02;0;;;;;;;;
93614;python3.12;generated_cases.c.h:4422-4423,bytecodes.c:3203-3203;0.02;0;;;;;;;;
92500;python3.12;generated_cases.c.h:3062-3063,generated_cases.c.h:3675-3675,bytecodes.c:2163-2163;0.02;0;;;;;;;;
93079;python3.12;bytecodes.c:2084-2084;0.02;0;;;;;;;;
92979;python3.12;abstract.c:62-62;0.02;0;;;;;;;;
92883;python3.12;object.h:243-243,bytecodes.c:2379-2380;0.02;0;;;;;;;;
92501;python3.12;bytecodes.c:2165-2165;0.02;0;;;;;;;;
92540;python3.12;bytecodes.c:2736-2736;0.02;0;;;;;;;;
92903;python3.12;generated_cases.c.h:3089-3090,bytecodes.c:2194-2194;0.02;0;;;;;;;;
94160;python3.12;generated_cases.c.h:854-855,bytecodes.c:593-593;0.02;0;;;;;;;;
94324;python3.12;bytecodes.c:2169-2169;0.02;0;;;;;;;;
93481;python3.12;bytecodes.c:1912-1918,pycore_frame.h:161-161;0.02;0;;;;;;;;
92942;python3.12;generated_cases.c.h:3103-3104,bytecodes.c:2201-2201;0.02;0;;;;;;;;
92565;python3.12;generated_cases.c.h:1852-1854;0.02;0;;;;;;;;
93363;python3.12;object.h:243-243,generated_cases.c.h:1502-1502;0.02;0;;;;;;;;
92604;python3.12;generated_cases.c.h:930-931,bytecodes.c:643-643;0.02;0;;;;;;;;
92503;python3.12;generated_cases.c.h:3062-3063,generated_cases.c.h:3675-3675;0.02;0;;;;;;;;
94711;python3.12;object.h:234-234,bytecodes.c:3245-3246;0.02;0;;;;;;;;
92484;python3.12;bytecodes.c:145-145;0.02;0;;;;;;;;
93206;python3.12;pycore_pystate.h:118-118,dictobject.c:1624-1624,generated_cases.c.h:2124-2125,bytecodes.c:1542-1542;0.02;0;;;;;;;;
92846;python3.12;bytecodes.c:3026-3026;0.02;0;;;;;;;;
94181;python3.12;specialize.c:1222-1222;0.02;0;;;;;;;;
94422;python3.12;object.h:243-243,bytecodes.c:1966-1966;0.02;0;;;;;;;;
92605;python3.12;object.h:243-243,generated_cases.c.h:252-256;0.02;0;;;;;;;;
93406;python3.12;generated_cases.c.h:1571-1573,generated_cases.c.h:3675-3675;0.02;0;;;;;;;;
93044;python3.12;abstract.c:2261-2262,generated_cases.c.h:2917-2919;0.02;0;;;;;;;;
92944;python3.12;generated_cases.c.h:3115-3116,generated_cases.c.h:3675-3675,bytecodes.c:2202-2202;0.02;0;;;;;;;;
92748;python3.12;bytecodes.c:2942-2942;0.02;0;;;;;;;;
92847;python3.12;pycore_pystate.h:118-118,bytecodes.c:3026-3028;0.02;0;;;;;;;;
93700;python3.12;object.h:644-644;0.02;0;;;;;;;;
92524;python3.12;bytecodes.c:2686-2688;0.02;0;;;;;;;;
92606;python3.12;generated_cases.c.h:256-256;0.02;0;;;;;;;;
92887;python3.12;object.h:644-644,generated_cases.c.h:4634-4635;0.02;0;;;;;;;;
93681;python3.12;pycore_pystate.h:118-118,dictobject.c:2999-2999,generated_cases.c.h:2241-2242,bytecodes.c:1624-1624;0.02;0;;;;;;;;
92505;python3.12;object.h:647-647;0.02;0;;;;;;;;
92314;python3.12;;0.02;0;;;;;;;;
92253;python3.12;;0.02;0;;;;;;;;
92255;python3.12;;0.02;0;;;;;;;;
92051;python3.12;ceval.c:1341-1344;0.02;0;;;;;;;;
92060;python3.12;object.h:234-234,ceval.c:1373-1373;0.02;0;;;;;;;;
92153;python3.12;object.h:644-644;0.02;0;;;;;;;;
91978;python3.12;obmalloc.c:1359-1362;0.02;0;;;;;;;;
91937;python3.12;obmalloc.c:1540-1544;0.02;0;;;;;;;;
91880;python3.12;getargs.c:137-141,getargs.c:421-421,object.h:967-967;0.02;0;;;;;;;;
91642;python3.12;parser.c:4460-4460;0.02;0;;;;;;;;
91302;python3.12;find.h:114-115,unicodeobject.c:12840-12840,object.h:220-220,object.h:967-967;0.02;0;;;;;;;;
91263;python3.12;object.c:2193-2193,tupleobject.c:1148-1149;0.02;0;;;;;;;;
91092;python3.12;marshal.c:694-694,marshal.c:803-808,marshal.c:1415-1416;0.02;0;;;;;;;;
90949;python3.12;marshal.c:1504-1504;0.02;0;;;;;;;;
90840;python3.12;object.c:1329-1329;0.02;0;;;;;;;;
90825;python3.12;object.c:1300-1300;0.02;0;;;;;;;;
90834;python3.12;object.h:644-644;0.02;0;;;;;;;;
90835;python3.12;object.c:1312-1316,object.h:220-220;0.02;0;;;;;;;;
90858;python3.12;object.c:1370-1371;0.02;0;;;;;;;;
90507;python3.12;unicodeobject.c:2529-2529;0.02;0;;;;;;;;
90090;python3.12;object.h:647-647,ceval.c:1660-1660;0.02;0;;;;;;;;
90100;python3.12;pycore_frame.h:246-247;0.02;0;;;;;;;;
90078;python3.12;pycore_pystate.h:82-82,call.c:418-418;0.02;0;;;;;;;;
90119;python3.12;call.c:149-149;0.02;0;;;;;;;;
89995;python3.12;typeobject.c:10241-10245;0.02;0;;;;;;;;
89899;python3.12;typeobject.c:2164-2164;0.02;0;;;;;;;;
89827;python3.12;dictobject.c:2114-2114,dictobject.c:2188-2188,object.h:967-967;0.02;0;;;;;;;;
89694;python3.12;typeobject.c:9627-9627,typeobject.c:9754-9754,typeobject.c:9768-9768;0.02;0;;;;;;;;
89482;python3.12;getargs.c:997-997,object.h:967-967;0.02;0;;;;;;;;
89461;python3.12;getargs.c:658-658,getargs.c:668-672;0.02;0;;;;;;;;
89473;python3.12;getargs.c:1279-1279;0.02;0;;;;;;;;
89366;python3.12;getargs.c:258-270,getargs.c:276-280;0.02;0;;;;;;;;
88868;python3.12;pycore_ceval.h:143-143,object.h:243-243,object.h:701-701;0.02;0;;;;;;;;
88893;python3.12;;0.02;0;;;;;;;;
88913;python3.12;dictobject.c:1624-1624;0.02;0;;;;;;;;
88834;python3.12;object.h:647-647;0.02;0;;;;;;;;
88821;python3.12;call.c:201-201,call.c:208-209;0.02;0;;;;;;;;
88921;python3.12;dictobject.c:757-760,dictobject.c:1640-1640;0.02;0;;;;;;;;
88805;python3.12;obmalloc.c:67-67;0.02;0;;;;;;;;
88489;python3.12;codeobject.c:573-573;0.02;0;;;;;;;;
88498;python3.12;obmalloc.c:1531-1535;0.02;0;;;;;;;;
88404;python3.12;bytesobject.c:119-121;0.02;0;;;;;;;;
88249;python3.12;unicodeobject.c:3785-3786,object.h:967-967;0.02;0;;;;;;;;
87940;python3.12;dictobject.c:2358-2359,pycore_gc.h:30-30,object.h:266-266,gcmodule.c:2241-2241;0.02;0;;;;;;;;
87945;python3.12;object.c:2480-2480,object.c:2521-2521;0.02;0;;;;;;;;
87792;python3.12;dictobject.c:2823-2823;0.02;0;;;;;;;;
87715;python3.12;tupleobject.c:214-214;0.02;0;;;;;;;;
87737;python3.12;object.h:243-243,object.h:701-701;0.02;0;;;;;;;;
87720;python3.12;object.c:2480-2480,object.c:2521-2521;0.02;0;;;;;;;;
87727;python3.12;object.h:705-705;0.02;0;;;;;;;;
87728;python3.12;pycore_pystate.h:118-118,tupleobject.c:1176-1176,object.h:220-220;0.02;0;;;;;;;;
87708;python3.12;call.c:69-69;0.02;0;;;;;;;;
87490;python3.12;tupleobject.c:1105-1108,object.h:967-967;0.02;0;;;;;;;;
87501;python3.12;obmalloc.c:1540-1544;0.02;0;;;;;;;;
87459;python3.12;typeobject.c:2130-2130;0.02;0;;;;;;;;
87461;python3.12;typeobject.c:2132-2132;0.02;0;;;;;;;;
87456;python3.12;typeobject.c:2139-2139;0.02;0;;;;;;;;
86892;python3.12;pycore_pystate.h:82-82,call.c:530-530,call.c:578-583;0.02;0;;;;;;;;
86423;python3.12;listobject.c:46-49,listobject.c:55-55;0.02;0;;;;;;;;
86381;python3.12;longobject.c:580-580,object.h:967-967;0.02;0;;;;;;;;
86312;python3.12;pycore_gc.h:23-23,pycore_gc.h:63-63,pycore_gc.h:74-74,pycore_object.h:214-219,modsupport.c:258-258;0.02;0;;;;;;;;
86314;python3.12;tupleobject.h:34-34,modsupport.c:257-257;0.02;0;;;;;;;;
86175;python3.12;modsupport.c:504-504;0.02;0;;;;;;;;
86084;python3.12;modsupport.c:549-549;0.02;0;;;;;;;;
86008;python3.12;dictobject.c:2486-2491;0.02;0;;;;;;;;
85951;python3.12;object.c:2193-2193;0.02;0;;;;;;;;
85808;python3.12;typeobject.c:4646-4648;0.02;0;;;;;;;;
85782;python3.12;typeobject.c:4741-4741;0.02;0;;;;;;;;
85626;python3.12;object.c:1214-1215,object.h:220-220;0.02;0;;;;;;;;
85617;python3.12;pycore_pystate.h:118-118,typeobject.c:4725-4728;0.02;0;;;;;;;;
85619;python3.12;typeobject.c:4741-4741;0.02;0;;;;;;;;
85620;python3.12;typeobject.c:4728-4729;0.02;0;;;;;;;;
85512;python3.12;longobject.c:296-296,longobject.c:302-302;0.02;0;;;;;;;;
85518;python3.12;obmalloc.c:801-801;0.02;0;;;;;;;;
85401;python3.12;unicodeobject.c:1853-1853,dictobject.c:3912-3912;0.02;0;;;;;;;;
85338;python3.12;typeobject.c:7529-7529;0.02;0;;;;;;;;
85258;python3.12;gcmodule.c:2398-2398;0.02;0;;;;;;;;
85261;python3.12;obmalloc.c:1017-1017,obmalloc.c:1795-1795;0.02;0;;;;;;;;
85252;python3.12;pycore_gc.h:30-30,pycore_object.h:150-150,pycore_object.h:341-342,gcmodule.c:2380-2383;0.02;0;;;;;;;;
85255;python3.12;gcmodule.c:2395-2395;0.02;0;;;;;;;;
85015;python3.12;tupleobject.c:154-154;0.02;0;;;;;;;;
85043;python3.12;tupleobject.c:172-172,object.h:644-644;0.02;0;;;;;;;;
84870;python3.12;dictobject.c:1238-1241;0.02;0;;;;;;;;
84877;python3.12;dictobject.c:1251-1251;0.02;0;;;;;;;;
84807;python3.12;pycore_pystate.h:27-27,pycore_pystate.h:118-118,obmalloc.c:859-859;0.02;0;;;;;;;;
84809;python3.12;obmalloc.c:1017-1017,obmalloc.c:1795-1795;0.02;0;;;;;;;;
84814;python3.12;;0.02;0;;;;;;;;
84427;python3.12;obmalloc.c:1531-1535;0.02;0;;;;;;;;
84431;python3.12;pycore_object.h:167-167,object.h:274-274;0.02;0;;;;;;;;
84414;python3.12;unicodeobject.c:4628-4629;0.02;0;;;;;;;;
84434;python3.12;object.c:2197-2197,unicodeobject.c:1219-1226,unicodeobject.h:262-262;0.02;0;;;;;;;;
84419;python3.12;unicodeobject.c:1201-1201;0.02;0;;;;;;;;
84333;python3.12;obmalloc.c:795-795,typeobject.c:1687-1687,typeobject.c:1695-1695,pycore_object.h:150-150,pycore_object.h:341-342,objimpl.h:25-26;0.02;0;;;;;;;;
84334;python3.12;obmalloc.c:801-801;0.02;0;;;;;;;;
84336;python3.12;pycore_pystate.h:27-27,pycore_pystate.h:118-118,obmalloc.c:859-859;0.02;0;;;;;;;;
84338;python3.12;obmalloc.c:1527-1527;0.02;0;;;;;;;;
84359;python3.12;obmalloc.c:1359-1362;0.02;0;;;;;;;;
84344;python3.12;typeobject.c:1702-1703;0.02;0;;;;;;;;
84331;python3.12;pycore_pystate.h:118-118,pycore_gc.h:23-23,pycore_gc.h:63-63,pycore_gc.h:74-74,pycore_object.h:214-219;0.02;0;;;;;;;;
84277;python3.12;dictobject.c:1876-1877,object.h:967-967;0.02;0;;;;;;;;
84135;python3.12;object.h:798-798;0.02;0;;;;;;;;
84120;python3.12;pycore_gc.h:30-30,gcmodule.c:2241-2241;0.02;0;;;;;;;;
84122;python3.12;pycore_gc.h:63-68,pycore_gc.h:74-74,pycore_object.h:248-249;0.02;0;;;;;;;;
84034;python3.12;listobject.c:345-345,pycore_gc.h:30-30,gcmodule.c:2241-2241;0.02;0;;;;;;;;
84036;python3.12;listobject.c:348-348,object.c:2552-2552,pycore_gc.h:63-68,pycore_gc.h:74-74,pycore_object.h:248-249;0.02;0;;;;;;;;
84038;python3.12;object.c:2479-2479,pystate.c:72-72;0.02;0;;;;;;;;
84032;python3.12;object.c:2611-2611,object.c:2625-2625;0.02;0;;;;;;;;
83879;python3.12;pycore_gc.h:23-23,pycore_gc.h:63-63,pycore_gc.h:74-74,pycore_object.h:214-219;0.02;0;;;;;;;;
83873;python3.12;object.c:2193-2193,tupleobject.c:1148-1149;0.02;0;;;;;;;;
83678;python3.12;pycore_pystate.h:27-27,pycore_pystate.h:118-118,obmalloc.c:859-859,obmalloc.c:1579-1581;0.02;0;;;;;;;;
83546;python3.12;tupleobject.c:79-79;0.02;0;;;;;;;;
83536;python3.12;tupleobject.c:69-71;0.02;0;;;;;;;;
83543;python3.12;object.c:2193-2193,tupleobject.c:1148-1149;0.02;0;;;;;;;;
82498;python3.12;listobject.c:172-173,object.c:2193-2193;0.02;0;;;;;;;;
82394;python3.12;obmalloc.c:1808-1813;0.02;0;;;;;;;;
82390;python3.12;obmalloc.c:1124-1129;0.02;0;;;;;;;;
82236;python3.12;obmalloc.c:1540-1544;0.02;0;;;;;;;;
81908;python3.12;pycore_pystate.h:118-118,pycore_gc.h:23-23,pycore_gc.h:40-40,pycore_gc.h:63-63,pycore_gc.h:74-74,pycore_object.h:214-220;0.02;0;;;;;;;;
81879;python3.12;dictobject.c:378-378,dictobject.c:1357-1358,pycore_dict.h:135-136;0.02;0;;;;;;;;
81859;python3.12;pyhash.c:402-405;0.02;0;;;;;;;;
81822;python3.12;object.c:892-894,object.h:220-220;0.02;0;;;;;;;;
81750;python3.12;;0.02;0;;;;;;;;
81638;python3.12;pycore_pystate.h:27-27,pycore_pystate.h:118-118,obmalloc.c:859-859,obmalloc.c:1562-1562;0.02;0;;;;;;;;
81640;python3.12;obmalloc.c:1527-1527;0.02;0;;;;;;;;
81616;python3.12;obmalloc.c:662-662;0.02;0;;;;;;;;
81610;python3.12;obmalloc.c:793-795;0.02;0;;;;;;;;
81546;python3.12;dictobject.c:757-760;0.02;0;;;;;;;;
81541;python3.12;pycore_pystate.h:118-118,dictobject.c:738-738,dictobject.c:848-848;0.02;0;;;;;;;;
81507;python3.12;ceval_gil.c:490-490;0.02;0;;;;;;;;
81472;python3.12;ceval_gil.c:378-378,pycore_interp.h:209-209;0.02;0;;;;;;;;
81467;python3.12;thread_pthread.h:910-912;0.02;0;;;;;;;;
68335;python3.12;object.c:1146-1148;0.02;0;;;;;;;;
54133;python3.12;object.c:1215-1215;0.02;0;;;;;;;;
3625;python3.12;getargs.c:315-315;0.02;0;;;;;;;;
96324;python3.12;dictobject.c:1140-1140;0.02;0;;;;;;;;
90362;python3.12;unicodeobject.c:2447-2447;0.02;0;;;;;;;;
90380;python3.12;unicodeobject.c:2486-2486;0.02;0;;;;;;;;
111624;python3.12;pycore_pystate.h:118-118,dictobject.c:1861-1862;0.02;0;;;;;;;;
128110;python3.12;pycore_call.h:44-44,pycore_call.h:88-88;0.02;0;;;;;;;;
88444;python3.12;codeobject.c:154-155,object.h:220-220;0.02;0;;;;;;;;
95427;python3.12;tokenizer.c:1812-1815;0.02;0;;;;;;;;
96278;python3.12;pycore_object.h:331-331,object.h:220-220;0.02;0;;;;;;;;
108020;python3.12;typeobject.c:4766-4766,object.h:243-243,object.h:701-701;0.02;0;;;;;;;;
138251;python3.12;pycore_pystate.h:118-118,typeobject.c:4725-4728,object.h:647-647;0.02;0;;;;;;;;
135061;python3.12;call.c:28-28,pycore_pyerrors.h:23-23;0.02;0;;;;;;;;
97584;python3.12;pycore_object.h:331-331,object.h:220-220;0.02;0;;;;;;;;
138256;python3.12;typeobject.c:8840-8840;0.02;0;;;;;;;;
92104;python3.12;ceval.c:1375-1379;0.02;0;;;;;;;;
81488;python3.12;pycore_runtime.h:204-204,ceval_gil.c:356-356;0.02;0;;;;;;;;
93918;python3.12;pycore_frame.h:175-175;0.02;0;;;;;;;;
107461;python3.12;typeobject.c:2189-2189,object.h:220-220;0.02;0;;;;;;;;
81493;python3.12;ceval_gil.c:67-67;0.02;0;;;;;;;;
89751;python3.12;typeobject.c:9683-9684;0.02;0;;;;;;;;
92109;python3.12;ceval.c:1439-1439;0.02;0;;;;;;;;
81498;python3.12;ceval_gil.c:67-67,thread_pthread.h:318-319;0.02;0;;;;;;;;
107154;python3.12;codeobject.c:1071-1071;0.02;0;;;;;;;;
98111;python3.12;pycore_pystate.h:118-118,unicodeobject.c:235-235,unicodeobject.c:14731-14731;0.02;0;;;;;;;;
130278;python3.12;unicodeobject.h:343-344;0.02;0;;;;;;;;
81505;python3.12;ceval_gil.c:489-490;0.02;0;;;;;;;;
118390;python3.12;flowgraph.c:48-48,pycore_opcode_utils.h:76-76;0.02;0;;;;;;;;
96090;python3.12;tupleobject.c:140-140;0.02;0;;;;;;;;
125286;python3.12;getargs.c:2465-2465;0.02;0;;;;;;;;
113023;python3.12;unicodeobject.c:9644-9644,unicodeobject.h:280-280;0.02;0;;;;;;;;
88559;python3.12;instrumentation.c:543-544;0.02;0;;;;;;;;
96121;python3.12;pycore_gc.h:60-60,object.h:220-220,object.h:382-382,gcmodule.c:789-789;0.02;0;;;;;;;;
82007;python3.12;dictobject.c:979-981;0.02;0;;;;;;;;
88425;python3.12;codeobject.c:138-139;0.02;0;;;;;;;;
81986;python3.12;unicodeobject.h:219-219,unicodeobject.h:262-262,eq.h:16-16;0.02;0;;;;;;;;
99239;python3.12;parser.c:25119-25120;0.02;0;;;;;;;;
96243;python3.12;pycore_gc.h:59-60,gcmodule.c:666-666;0.02;0;;;;;;;;
81501;python3.12;ceval_gil.c:67-67;0.02;0;;;;;;;;
90666;python3.12;unicodeobject.c:2529-2529,unicodeobject.c:2580-2580;0.02;0;;;;;;;;
134886;python3.12;pycore_pystate.h:82-82,pycore_ceval.h:121-121,pycore_ceval.h:134-134;0.02;0;;;;;;;;
81491;python3.12;ceval_gil.c:456-456;0.02;0;;;;;;;;
97515;python3.12;pycore_object.h:331-331,object.h:220-220;0.02;0;;;;;;;;
96523;python3.12;pycore_object.h:331-331,object.h:220-220;0.02;0;;;;;;;;
96247;python3.12;pycore_gc.h:59-60,gcmodule.c:666-666;0.02;0;;;;;;;;
101554;python3.12;object.h:243-243,object.h:701-701;0.02;0;;;;;;;;
88478;python3.12;;0.02;0;;;;;;;;
88340;python3.12;pycore_pystate.h:82-82,dictobject.c:1694-1694,errors.c:490-491;0.02;0;;;;;;;;
87964;python3.12;object.h:243-243,object.h:701-701;0.02;0;;;;;;;;
86974;python3.12;modsupport.c:47-47;0.02;0;;;;;;;;
84892;python3.12;dictobject.c:378-378,dictobject.c:1268-1270,pycore_dict.h:134-134;0.02;0;;;;;;;;
84463;python3.12;unicodeobject.c:4600-4600,unicodeobject.c:4618-4618;0.02;0;;;;;;;;
101553;python3.12;object.h:243-243,object.h:701-701;0.02;0;;;;;;;;
96180;python3.12;gcmodule.c:990-991;0.02;0;;;;;;;;
91960;python3.12;find_max_char.h:28-28;0.02;0;;;;;;;;
89717;python3.12;pycore_pystate.h:118-118,typeobject.c:229-229,dictobject.c:1733-1733,object.h:967-967;0.02;0;;;;;;;;
85818;python3.12;pycore_pystate.h:118-118,typeobject.c:229-229,dictobject.c:1733-1733,object.h:967-967;0.02;0;;;;;;;;
81969;python3.12;dictobject.c:950-953;0.02;0;;;;;;;;
99980;python3.12;frame.c:140-140,object.h:798-798;0.02;0;;;;;;;;
90114;python3.12;call.c:28-28,pycore_pyerrors.h:23-23;0.02;0;;;;;;;;
89719;python3.12;dictobject.c:1738-1738;0.02;0;;;;;;;;
95440;python3.12;tokenizer.c:1958-1958;0.02;0;;;;;;;;
88578;python3.12;;0.02;0;;;;;;;;
87960;python3.12;object.h:243-243,object.h:701-701;0.02;0;;;;;;;;
156271;python3.12;symtable.c:2264-2264;0.02;0;;;;;;;;
117981;python3.12;object.h:243-243,object.h:701-701;0.02;0;;;;;;;;
99982;python3.12;object.h:243-243,object.h:701-701;0.02;0;;;;;;;;
96617;python3.12;gcmodule.c:80-80,gcmodule.c:471-471;0.02;0;;;;;;;;
90364;python3.12;unicodeobject.c:2438-2438,unicodeobject.c:2461-2461;0.02;0;;;;;;;;
89722;python3.12;pycore_pyerrors.h:23-23;0.02;0;;;;;;;;
89380;python3.12;getargs.c:316-317;0.02;0;;;;;;;;
81959;python3.12;dictobject.c:346-346,dictobject.c:933-933;0.02;0;;;;;;;;
82012;python3.12;dictobject.c:350-350,dictobject.c:978-978;0.02;0;;;;;;;;
124536;python3.12;abstract.c:2599-2599;0.02;0;;;;;;;;
108004;python3.12;typeobject.c:4822-4824,object.h:220-220,object.h:647-647;0.02;0;;;;;;;;
93923;python3.12;pycore_frame.h:211-211;0.02;0;;;;;;;;
90365;python3.12;unicodeobject.c:2460-2460;0.02;0;;;;;;;;
86085;python3.12;modsupport.c:47-47;0.02;0;;;;;;;;
84049;python3.12;object.h:705-705;0.02;0;;;;;;;;
81960;python3.12;dictobject.c:942-942;0.02;0;;;;;;;;
135776;python3.12;tupleobject.c:1008-1009,object.h:644-644;0.02;0;;;;;;;;
120940;python3.12;codeobject.c:1858-1862,instrumentation.c:556-556;0.02;0;;;;;;;;
99984;python3.12;object.c:2611-2611,object.c:2625-2625;0.02;0;;;;;;;;
89382;python3.12;;0.02;0;;;;;;;;
88572;python3.12;specialize.c:275-275,specialize.c:281-282;0.02;0;;;;;;;;
82005;python3.12;dictobject.c:346-346,dictobject.c:978-978;0.02;0;;;;;;;;
81958;python3.12;dictobject.c:348-348;0.02;0;;;;;;;;
88571;python3.12;instrumentation.c:556-556,specialize.c:279-280;0.02;0;;;;;;;;
